{
    "owners": [
        {
            "name": "ajayzori",
            "email": "a@g.com",
            "password": "123",
            "userType": "user",
            "Phone": [],
            "Address": [],
            "Family Members": [],
            "maintenance": [
                {
                    "amount": "100",
                    "date": "2025-01-01",
                    "method": "Cash"
                },
                {
                    "amount": "100",
                    "date": "2025-02-01",
                    "method": "Cash"
                }
            ]
        },
        {
            "name": "pundlik",
            "email": "p@g.com",
            "password": "123 ",
            "userType": "admin",
            "Phone": [],
            "Address": [],
            "Family Members": [],
            "maintenance": [
                {
                    "amount": "100",
                    "date": "2025-02-10",
                    "method": "Cash"
                }
            ]
        },
        {
            "name": "azori",
            "email": "az@gmail.com",
            "password": "123",
            "userType": "admin",
            "Phone": [
                ""
            ],
            "Address": [
                ""
            ],
            "Family Members": [
                {
                    "name": ""
                }
            ],
            "maintenance": [
                {
                    "amount": "100",
                    "date": "2025-02-10",
                    "method": "Cash"
                }
            ]
        }
    ],
    "expenses": [
        {
            "id": 1,
            "description": "Electricity BIll",
            "amount": 250.0,
            "date": "2025-02-10"
        },
        {
            "id": 2,
            "description": "Car",
            "amount": 100.0,
            "date": "2025-01-01"
        }
    ],
    "funds": -350.0
}